Package Name,Class Name,LOC,NOM,WMC,NOF,FAN-IN,FAN-OUT,LCOM
org.apache.roller.planet.business,AbstractManagerImpl,11,3,3,0,0,0,-1.0
org.apache.roller.planet.business,BootstrapException,11,2,2,0,0,0,-1.0
org.apache.roller.planet.business,InitializationException,11,2,2,0,0,0,-1.0
org.apache.roller.planet.business,Manager,17,3,3,0,0,0,-1.0
org.apache.roller.planet.business,MultiPlanetURLStrategy,89,7,15,0,1,1,-1.0
org.apache.roller.planet.business,Planet,37,8,8,0,17,0,-1.0
org.apache.roller.planet.business,PlanetManager,97,25,25,0,25,4,-1.0
org.apache.roller.planet.business,PlanetProvider,13,2,2,0,0,0,-1.0
org.apache.roller.planet.business,PlanetURLStrategy,46,7,7,0,5,0,-1.0
org.apache.roller.planet.business,EntryBasicTests,40,3,3,1,0,5,0.0
org.apache.roller.planet.business,EntryFunctionalTests,60,4,4,8,0,7,0.0
org.apache.roller.planet.business,GroupBasicTests,43,3,3,1,0,5,0.0
org.apache.roller.planet.business,GroupFunctionalTests,33,3,3,3,0,5,0.0
org.apache.roller.planet.business,PlanetBasicTests,32,1,1,1,0,4,0.0
org.apache.roller.planet.business,PlanetFunctionalTests,29,3,3,2,0,4,0.0
org.apache.roller.planet.business,PropertiesTest,38,3,3,1,0,4,1.0
org.apache.roller.planet.business,RomeFeedFetcherTest,46,4,4,2,0,4,0.75
org.apache.roller.planet.business,SingleThreadedFeedUpdaterTest,34,3,3,3,0,5,0.0
org.apache.roller.planet.business,SubscriptionBasicTests,32,1,1,0,0,4,-1.0
org.apache.roller.planet.business,SubscriptionFunctionalTests,63,4,4,5,0,6,0.0
org.apache.roller.planet.business.fetcher,FeedFetcher,19,2,2,0,8,0,-1.0
org.apache.roller.planet.business.fetcher,FetcherException,44,5,8,0,0,0,-1.0
org.apache.roller.planet.business.fetcher,RomeFeedFetcher,125,5,24,3,0,2,0.0
org.apache.roller.planet.business.jpa,JPAPlanetImpl,57,9,9,6,1,5,0.0
org.apache.roller.planet.business.jpa,JPAPlanetManagerImpl,235,31,48,2,1,6,0.064516129032258
org.apache.roller.planet.business.updater,FeedUpdater,21,3,3,0,3,2,-1.0
org.apache.roller.planet.business.updater,SingleThreadedFeedUpdater,139,6,17,1,0,7,0.3333333333333333
org.apache.roller.planet.business.updater,UpdaterException,11,2,2,0,0,0,-1.0
org.apache.roller.planet.config,PlanetRuntimeConfig,78,6,9,3,3,6,0.3333333333333333
org.apache.roller.planet.pojos,Author,19,4,4,2,1,0,0.5
org.apache.roller.planet.pojos,Category,12,2,2,1,1,0,0.0
org.apache.roller.planet.pojos,Planet,53,13,13,5,2,1,0.3076923076923077
org.apache.roller.planet.pojos,PlanetGroup,122,24,29,10,17,5,0.3333333333333333
org.apache.roller.planet.pojos,StaticTemplate,81,21,21,9,0,0,0.2857142857142857
org.apache.roller.planet.pojos,Subscription,134,29,32,10,20,2,0.2413793103448276
org.apache.roller.planet.pojos,SubscriptionEntry,209,40,50,11,10,5,0.425
org.apache.roller.planet.pojos,Template,6,2,2,0,1,0,-1.0
org.apache.roller.planet.tasks,GeneratePlanetTask,39,2,3,1,1,2,0.0
org.apache.roller.planet.tasks,PlanetTask,10,1,1,0,0,0,-1.0
org.apache.roller.planet.tasks,RefreshPlanetTask,24,2,2,1,1,4,0.0
org.apache.roller.planet.tasks,StaticPlanetModel,34,5,6,1,0,5,0.0
org.apache.roller.planet.util,MailUtil,174,7,28,1,1,1,0.0
org.apache.roller.planet.util.rome,ContentModule,5,2,2,1,3,0,-1.0
org.apache.roller.planet.util.rome,ContentModuleGenerator,21,4,5,2,0,1,0.75
org.apache.roller.planet.util.rome,ContentModuleImpl,19,5,5,1,0,1,0.6
org.apache.roller.planet.util.rome,ContentModuleParser,18,3,4,0,0,1,-1.0
org.apache.roller.planet.util.rome,PlanetConverterForRSS091N,15,3,3,0,0,0,-1.0
org.apache.roller.planet.util.rome,PlanetConverterForRSS091U,15,3,3,0,0,0,-1.0
org.apache.roller.planet.util.rome,PlanetConverterForRSS20,20,3,4,0,0,0,-1.0
org.apache.roller.planet.util.rome,PlanetRSS091NParser,18,3,4,0,0,0,-1.0
org.apache.roller.planet.util.rome,PlanetRSS091UParser,18,3,4,0,0,0,-1.0
org.apache.roller,RollerException,93,9,14,1,0,0,0.0
org.apache.roller.util,DateUtil,353,49,69,10,19,2,0.2857142857142857
org.apache.roller.util,ISO8601DateParser,33,2,3,0,1,0,-1.0
org.apache.roller.util,PropertyExpander,43,3,6,1,2,1,0.6666666666666666
org.apache.roller.util,RegexUtil,61,4,9,2,5,1,0.5
org.apache.roller.util,RollerConstants,19,1,1,14,46,0,0.0
org.apache.roller.util,UUIDGenerator,13,2,2,0,2,0,-1.0
org.apache.roller.util,DerbyManager,75,3,4,3,1,1,0.0
org.apache.roller.util,PropertyExpanderTest,20,2,2,1,0,1,1.0
org.apache.roller.util,RegexUtilTest,23,3,3,0,0,1,-1.0
org.apache.roller.weblogger.business,AbstractURLStrategy,144,10,22,1,0,2,0.2
org.apache.roller.weblogger.business,BookmarkManager,83,12,12,0,12,3,-1.0
org.apache.roller.weblogger.business,BootstrapException,11,2,2,0,0,0,-1.0
org.apache.roller.weblogger.business,DatabaseProvider,127,12,19,10,5,1,0.0
org.apache.roller.weblogger.business,FileContentManager,58,7,7,0,4,2,-1.0
org.apache.roller.weblogger.business,FileContentManagerImpl,247,14,52,2,2,6,0.2857142857142857
org.apache.roller.weblogger.business,FileIOException,14,3,3,0,0,0,-1.0
org.apache.roller.weblogger.business,FileNotFoundException,14,3,3,0,0,0,-1.0
org.apache.roller.weblogger.business,FilePathException,14,3,3,0,0,0,-1.0
org.apache.roller.weblogger.business,GuiceWebloggerProvider,42,4,4,2,0,3,0.5
org.apache.roller.weblogger.business,HitCountQueue,58,6,8,4,4,6,0.3333333333333333
org.apache.roller.weblogger.business,InitializationException,11,2,2,0,0,0,-1.0
org.apache.roller.weblogger.business,MailProvider,91,3,12,7,2,1,0.0
org.apache.roller.weblogger.business,MediaFileManager,110,25,25,2,22,5,-1.0
org.apache.roller.weblogger.business,MultiWeblogURLStrategy,280,22,58,0,1,4,-1.0
org.apache.roller.weblogger.business,OAuthManager,55,11,11,0,7,0,-1.0
org.apache.roller.weblogger.business,PreviewURLStrategy,181,6,39,2,0,4,0.0
org.apache.roller.weblogger.business,PropertiesManager,30,6,6,0,12,1,-1.0
org.apache.roller.weblogger.business,TestTask,25,8,8,1,2,1,1.0
org.apache.roller.weblogger.business,URLStrategy,110,30,30,0,36,1,-1.0
org.apache.roller.weblogger.business,UserManager,178,31,31,0,35,3,-1.0
org.apache.roller.weblogger.business,WeblogEntryManager,245,43,43,0,58,7,-1.0
org.apache.roller.weblogger.business,Weblogger,104,27,27,0,37,0,-1.0
org.apache.roller.weblogger.business,WebloggerFactory,74,5,11,2,201,5,0.4
org.apache.roller.weblogger.business,WebloggerImpl,270,27,31,24,0,22,0.0
org.apache.roller.weblogger.business,WebloggerProvider,13,2,2,0,3,0,-1.0
org.apache.roller.weblogger.business,WeblogManager,114,22,22,0,24,4,-1.0
org.apache.roller.weblogger.business,BookmarkTest,168,8,9,3,0,7,0.0
org.apache.roller.weblogger.business,CommentTest,168,5,5,4,0,5,0.0
org.apache.roller.weblogger.business,CustomTemplateRenditionTest,84,3,3,6,0,7,0.0
org.apache.roller.weblogger.business,FileContentManagerTest,110,4,4,3,0,8,0.75
org.apache.roller.weblogger.business,FolderCRUDTest,69,3,3,3,0,6,0.0
org.apache.roller.weblogger.business,FolderFunctionalityTest,121,7,7,7,0,6,0.0
org.apache.roller.weblogger.business,HitCountTest,189,7,8,3,0,6,0.0
org.apache.roller.weblogger.business,MediaFileTest,799,17,23,2,0,6,0.2941176470588235
org.apache.roller.weblogger.business,PermissionTest,181,6,6,3,0,7,0.0
org.apache.roller.weblogger.business,PingsTest,209,7,7,4,0,8,0.0
org.apache.roller.weblogger.business,PlanetManagerLocalTest,101,3,4,3,0,10,0.6666666666666666
org.apache.roller.weblogger.business,PropertiesTest,38,3,3,1,0,4,1.0
org.apache.roller.weblogger.business,SQLScriptRunnerTest,52,4,8,1,1,5,0.75
org.apache.roller.weblogger.business,TaskLockTest,28,3,3,1,0,4,1.0
org.apache.roller.weblogger.business,ThemeManagerTest,15,3,3,1,0,3,1.0
org.apache.roller.weblogger.business,UserTest,143,5,8,1,0,5,1.0
org.apache.roller.weblogger.business,WeblogCategoryCRUDTest,106,5,5,3,0,6,0.0
org.apache.roller.weblogger.business,WeblogCategoryFunctionalityTest,137,7,7,7,0,7,0.0
org.apache.roller.weblogger.business,WeblogEntryTest,724,18,35,3,0,5,0.1111111111111111
org.apache.roller.weblogger.business,WeblogPageTest,90,4,4,4,0,6,0.0
org.apache.roller.weblogger.business,WeblogStatsTest,79,6,6,11,0,6,0.5
org.apache.roller.weblogger.business,WeblogTest,142,4,4,2,0,5,0.0
org.apache.roller.weblogger.business.jpa,JPAAutoPingManagerImpl,65,12,15,3,1,8,0.1666666666666666
org.apache.roller.weblogger.business.jpa,JPABookmarkManagerImpl,163,15,29,3,1,6,0.1333333333333333
org.apache.roller.weblogger.business.jpa,JPAMediaFileManagerImpl,586,30,88,4,2,15,0.0666666666666666
org.apache.roller.weblogger.business.jpa,JPAOAuthManagerImpl,258,20,36,4,2,4,0.0
org.apache.roller.weblogger.business.jpa,JPAPersistenceStrategy,269,19,31,3,15,2,0.0
org.apache.roller.weblogger.business.jpa,JPAPingQueueManagerImpl,45,8,9,2,1,3,0.25
org.apache.roller.weblogger.business.jpa,JPAPingTargetManagerImpl,75,10,15,1,1,2,0.4
org.apache.roller.weblogger.business.jpa,JPAPropertiesManagerImpl,86,8,16,2,1,4,0.25
org.apache.roller.weblogger.business.jpa,JPAThreadManagerImpl,131,5,15,2,1,4,0.0
org.apache.roller.weblogger.business.jpa,JPAUserManagerImpl,425,32,69,3,1,8,0.0625
org.apache.roller.weblogger.business.jpa,JPAWeblogEntryManagerImpl,987,50,165,7,3,17,0.04
org.apache.roller.weblogger.business.jpa,JPAWebloggerImpl,26,4,4,1,1,11,0.0
org.apache.roller.weblogger.business.jpa,JPAWebloggerModule,30,1,1,0,0,43,-1.0
org.apache.roller.weblogger.business.jpa,JPAWeblogManagerImpl,457,27,90,5,1,23,0.074074074074074
org.apache.roller.weblogger.business.jpa,JPAOAuthManagerTest,46,3,3,1,0,3,0.6666666666666666
org.apache.roller.weblogger.business.pings,AutoPingManager,69,11,11,0,7,4,-1.0
org.apache.roller.weblogger.business.pings,PingQueueManager,39,6,6,0,5,2,-1.0
org.apache.roller.weblogger.business.pings,PingQueueProcessor,108,6,18,3,2,9,0.0
org.apache.roller.weblogger.business.pings,PingQueueTask,96,9,13,6,1,4,0.0
org.apache.roller.weblogger.business.pings,PingTargetManager,55,8,8,0,10,1,-1.0
org.apache.roller.weblogger.business.pings,WeblogUpdatePinger,95,10,17,3,3,5,0.4
org.apache.roller.weblogger.business.pings,PingResult,26,6,6,2,1,0,0.0
org.apache.roller.weblogger.business.plugins.comment,AutoformatPlugin,52,5,10,1,0,1,1.0
org.apache.roller.weblogger.business.plugins.comment,HTMLSubsetPlugin,31,5,6,1,0,2,0.8
org.apache.roller.weblogger.business.plugins.comment,LinkMarkupPlugin,62,5,8,2,0,2,1.0
org.apache.roller.weblogger.business.plugins.comment,WeblogEntryCommentPlugin,24,4,4,0,0,1,-1.0
org.apache.roller.weblogger.business.plugins.entry,ConvertLineBreaksPlugin,59,5,11,4,1,3,0.6
org.apache.roller.weblogger.business.plugins.entry,EncodePreTagsPlugin,37,5,7,3,2,3,0.8
org.apache.roller.weblogger.business.plugins.entry,ObfuscateEmailPlugin,22,5,5,3,0,3,1.0
org.apache.roller.weblogger.business.plugins.entry,SmileysPlugin,98,7,17,7,1,4,0.4285714285714285
org.apache.roller.weblogger.business.plugins.entry,WeblogEntryPlugin,25,4,4,0,2,2,-1.0
org.apache.roller.weblogger.business.plugins.entry,EncodePreTagsPluginTest,32,4,4,0,0,1,-1.0
org.apache.roller.weblogger.business.plugins,PluginManager,36,6,6,0,10,3,-1.0
org.apache.roller.weblogger.business.plugins,PluginManagerImpl,121,9,21,3,1,7,0.2222222222222222
org.apache.roller.weblogger.business.plugins,CommentPluginsTest,20,3,3,2,0,4,1.0
org.apache.roller.weblogger.business.runnable,ContinuousWorkerThread,40,5,6,3,0,1,0.6
org.apache.roller.weblogger.business.runnable,HitCountProcessingJob,56,4,7,1,1,6,1.0
org.apache.roller.weblogger.business.runnable,Job,18,3,3,0,2,0,-1.0
org.apache.roller.weblogger.business.runnable,ResetHitCountsTask,95,9,13,6,1,5,0.0
org.apache.roller.weblogger.business.runnable,RollerTask,79,9,14,2,5,2,0.7777777777777778
org.apache.roller.weblogger.business.runnable,RollerTaskWithLeasing,46,2,5,2,4,2,0.0
org.apache.roller.weblogger.business.runnable,ScheduledEntriesTask,111,9,15,6,1,7,0.0
org.apache.roller.weblogger.business.runnable,TaskRunner,34,2,4,0,0,1,-1.0
org.apache.roller.weblogger.business.runnable,TaskScheduler,110,3,14,3,1,5,0.0
org.apache.roller.weblogger.business.runnable,ThreadManager,54,9,9,1,6,2,-1.0
org.apache.roller.weblogger.business.runnable,ThreadManagerImpl,98,8,14,3,0,6,0.5
org.apache.roller.weblogger.business.runnable,WorkerThread,47,4,5,3,1,3,0.0
org.apache.roller.weblogger.business.search,IndexManager,42,11,11,0,16,3,-1.0
org.apache.roller.weblogger.business.search,SearchResultList,24,5,5,4,3,0,0.0
org.apache.roller.weblogger.business.search,SearchResultMap,24,5,5,4,0,0,0.0
org.apache.roller.weblogger.business.search,IndexManagerTest,77,4,6,3,1,11,0.0
org.apache.roller.weblogger.business.search.lucene,AddEntryOperation,42,2,4,3,0,4,0.0
org.apache.roller.weblogger.business.search.lucene,FieldConstants,22,0,0,16,7,0,-1.0
org.apache.roller.weblogger.business.search.lucene,IndexOperation,99,6,16,3,1,5,0.5
org.apache.roller.weblogger.business.search.lucene,IndexUtil,33,2,4,0,3,1,-1.0
org.apache.roller.weblogger.business.search.lucene,LuceneIndexManager,309,25,47,8,12,13,0.12
org.apache.roller.weblogger.business.search.lucene,ReadFromIndexOperation,21,2,2,1,0,1,1.0
org.apache.roller.weblogger.business.search.lucene,RebuildWebsiteIndexOperation,78,2,9,3,0,8,0.0
org.apache.roller.weblogger.business.search.lucene,ReIndexEntryOperation,44,2,4,3,0,5,0.0
org.apache.roller.weblogger.business.search.lucene,RemoveEntryOperation,37,2,3,3,0,5,0.0
org.apache.roller.weblogger.business.search.lucene,RemoveWebsiteIndexOperation,52,2,6,3,0,6,0.0
org.apache.roller.weblogger.business.search.lucene,SearchOperation,116,11,15,10,1,4,0.1818181818181818
org.apache.roller.weblogger.business.search.lucene,WriteToIndexOperation,25,2,2,1,0,1,1.0
org.apache.roller.weblogger.business.startup,ClasspathDatabaseScriptProvider,21,2,2,0,2,1,-1.0
org.apache.roller.weblogger.business.startup,DatabaseInstaller,650,22,86,6,1,3,0.0
org.apache.roller.weblogger.business.startup,DatabaseScriptProvider,9,1,1,0,1,0,-1.0
org.apache.roller.weblogger.business.startup,SQLScriptRunner,118,11,20,4,5,0,0.1818181818181818
org.apache.roller.weblogger.business.startup,StartupException,35,5,7,1,2,0,0.0
org.apache.roller.weblogger.business.startup,WebloggerStartup,123,11,16,5,10,6,0.1818181818181818
org.apache.roller.weblogger.business.themes,SharedTheme,52,15,15,6,6,1,0.5333333333333333
org.apache.roller.weblogger.business.themes,SharedThemeFromDir,254,16,39,8,0,9,0.0
org.apache.roller.weblogger.business.themes,SharedThemeResourceFromDir,46,10,10,2,1,1,0.2
org.apache.roller.weblogger.business.themes,SharedThemeTemplate,105,27,27,12,1,1,0.1481481481481481
org.apache.roller.weblogger.business.themes,SharedThemeTemplateRendition,62,13,15,4,2,1,0.3076923076923077
org.apache.roller.weblogger.business.themes,ThemeInitializationException,17,4,4,0,0,0,-1.0
org.apache.roller.weblogger.business.themes,ThemeManager,43,6,6,0,14,2,-1.0
org.apache.roller.weblogger.business.themes,ThemeManagerImpl,264,8,39,5,1,16,0.0
org.apache.roller.weblogger.business.themes,ThemeMetadata,76,21,21,9,2,1,0.4761904761904761
org.apache.roller.weblogger.business.themes,ThemeMetadataParser,165,3,25,0,1,3,-1.0
org.apache.roller.weblogger.business.themes,ThemeMetadataTemplate,64,17,17,8,3,1,0.4705882352941176
org.apache.roller.weblogger.business.themes,ThemeMetadataTemplateRendition,23,6,6,3,3,0,0.5
org.apache.roller.weblogger.business.themes,ThemeNotFoundException,17,4,4,0,0,0,-1.0
org.apache.roller.weblogger.business.themes,ThemeParsingException,17,4,4,0,0,0,-1.0
org.apache.roller.weblogger.business.themes,WeblogCustomTheme,90,16,19,0,0,6,-1.0
org.apache.roller.weblogger.business.themes,WeblogSharedTheme,135,14,27,2,0,8,0.0
org.apache.roller.weblogger.config,PingConfig,198,11,32,18,6,6,0.2727272727272727
org.apache.roller.weblogger.config,WebloggerConfig,178,12,17,6,71,1,0.25
org.apache.roller.weblogger.config,WebloggerRuntimeConfig,126,12,17,5,49,7,0.25
org.apache.roller.weblogger.config.runtime,ConfigDef,47,10,13,3,4,1,0.0
org.apache.roller.weblogger.config.runtime,DisplayGroup,42,11,11,3,2,1,0.1818181818181818
org.apache.roller.weblogger.config.runtime,PropertyDef,75,17,17,6,3,0,0.1176470588235294
org.apache.roller.weblogger.config.runtime,RuntimeConfigDefs,25,6,6,1,6,1,0.0
org.apache.roller.weblogger.config.runtime,RuntimeConfigDefsParser,61,5,11,0,2,4,-1.0
org.apache.roller.weblogger.planet.business,PlanetURLStrategy,61,4,7,0,0,1,-1.0
org.apache.roller.weblogger.planet.business,WebloggerRomeFeedFetcher,87,2,11,1,1,8,1.0
org.apache.roller.weblogger.planet.business,WebloggerRomeFeedFetcherTest,41,3,3,2,0,4,0.6666666666666666
org.apache.roller.weblogger.planet.tasks,RefreshRollerPlanetTask,81,9,13,6,3,6,0.0
org.apache.roller.weblogger.planet.tasks,SyncWebsitesTask,138,9,19,6,2,12,0.0
org.apache.roller.weblogger.planet.ui,PlanetConfig,96,12,21,4,1,7,0.4166666666666667
org.apache.roller.weblogger.planet.ui,PlanetGroups,61,8,11,2,0,4,0.625
org.apache.roller.weblogger.planet.ui,PlanetGroupSubs,225,20,39,4,2,8,0.25
org.apache.roller.weblogger.planet.ui,PlanetUIAction,20,1,2,3,0,3,0.0
org.apache.roller.weblogger.pojos,AutoPing,90,11,14,4,9,3,0.1818181818181818
org.apache.roller.weblogger.pojos,CommentSearchCriteria,65,18,18,9,7,2,0.5
org.apache.roller.weblogger.pojos,CustomTemplateRendition,64,15,17,6,9,2,0.2
org.apache.roller.weblogger.pojos,FileContent,39,7,7,3,3,1,0.0
org.apache.roller.weblogger.pojos,GlobalPermission,123,10,29,4,18,6,0.4
org.apache.roller.weblogger.pojos,MediaFile,380,57,80,25,19,7,0.2105263157894736
org.apache.roller.weblogger.pojos,MediaFileComparator,28,2,5,1,0,1,0.0
org.apache.roller.weblogger.pojos,MediaFileDirectory,117,17,25,5,13,3,0.1176470588235294
org.apache.roller.weblogger.pojos,MediaFileDirectoryComparator,24,2,3,1,0,1,0.0
org.apache.roller.weblogger.pojos,MediaFileFilter,75,16,16,8,4,0,0.5
org.apache.roller.weblogger.pojos,MediaFileTag,49,11,13,4,2,2,0.1818181818181818
org.apache.roller.weblogger.pojos,OAuthAccessorRecord,131,20,22,8,2,1,0.45
org.apache.roller.weblogger.pojos,OAuthConsumerRecord,66,10,12,3,2,1,0.4
org.apache.roller.weblogger.pojos,ObjectPermission,54,14,14,7,1,0,0.5714285714285714
org.apache.roller.weblogger.pojos,PingQueueEntry,132,16,18,6,5,3,0.125
org.apache.roller.weblogger.pojos,PingTarget,143,17,19,10,16,1,0.1176470588235294
org.apache.roller.weblogger.pojos,PluginConfiguration,72,9,13,4,2,1,0.2222222222222222
org.apache.roller.weblogger.pojos,Resource,30,5,5,0,2,0,-1.0
org.apache.roller.weblogger.pojos,RollerPermission,72,11,18,1,3,2,0.1818181818181818
org.apache.roller.weblogger.pojos,RuntimeConfigProperty,58,9,11,3,9,1,0.2222222222222222
org.apache.roller.weblogger.pojos,StatCount,93,16,18,6,5,1,0.0
org.apache.roller.weblogger.pojos,StatCountCountComparator,27,3,5,2,1,2,1.0
org.apache.roller.weblogger.pojos,StaticTemplate,52,12,12,6,0,1,0.25
org.apache.roller.weblogger.pojos,StaticThemeTemplate,99,26,26,12,0,0,0.3076923076923077
org.apache.roller.weblogger.pojos,TagManifest,114,9,19,4,1,4,0.2222222222222222
org.apache.roller.weblogger.pojos,TagStat,36,8,8,4,4,0,0.375
org.apache.roller.weblogger.pojos,TagStatComparator,13,2,2,1,0,1,1.0
org.apache.roller.weblogger.pojos,TagStatCountComparator,26,3,4,2,1,2,1.0
org.apache.roller.weblogger.pojos,TaskLock,98,18,22,6,5,1,0.2222222222222222
org.apache.roller.weblogger.pojos,Template,29,6,6,0,10,1,-1.0
org.apache.roller.weblogger.pojos,TemplateRendition,20,8,8,1,5,0,-1.0
org.apache.roller.weblogger.pojos,Theme,53,12,12,0,10,0,-1.0
org.apache.roller.weblogger.pojos,ThemeResource,10,1,1,0,6,0,-1.0
org.apache.roller.weblogger.pojos,ThemeTemplate,29,6,6,1,11,0,-1.0
org.apache.roller.weblogger.pojos,User,193,32,36,13,72,5,0.1875
org.apache.roller.weblogger.pojos,UserRole,55,11,13,4,2,1,0.1818181818181818
org.apache.roller.weblogger.pojos,Weblog,715,97,127,36,133,20,0.1443298969072164
org.apache.roller.weblogger.pojos,WeblogBookmark,128,24,27,9,13,3,0.0833333333333333
org.apache.roller.weblogger.pojos,WeblogBookmarkFolder,109,17,24,5,17,6,0.2352941176470588
org.apache.roller.weblogger.pojos,WeblogCategory,134,21,25,7,26,6,0.1428571428571428
org.apache.roller.weblogger.pojos,WeblogEntry,785,113,135,34,64,17,0.1592920353982301
org.apache.roller.weblogger.pojos,Builder,60,14,14,1,0,4,0.0
org.apache.roller.weblogger.pojos,WeblogEntryAttribute,61,13,15,5,5,2,0.1538461538461538
org.apache.roller.weblogger.pojos,WeblogEntryComment,241,36,39,15,33,2,0.3055555555555556
org.apache.roller.weblogger.pojos,WeblogEntryPresenter,147,12,23,2,0,7,0.0
org.apache.roller.weblogger.pojos,WeblogEntrySearchCriteria,95,26,26,13,19,2,0.5
org.apache.roller.weblogger.pojos,WeblogEntryTag,99,18,20,8,6,5,0.1111111111111111
org.apache.roller.weblogger.pojos,WeblogEntryTagAggregate,77,15,17,6,3,2,0.1333333333333333
org.apache.roller.weblogger.pojos,WeblogEntryTagComparator,17,2,2,1,0,1,1.0
org.apache.roller.weblogger.pojos,WeblogEntryWrapperComparator,18,1,3,1,0,1,0.0
org.apache.roller.weblogger.pojos,WeblogHitCount,49,10,12,3,6,2,0.3
org.apache.roller.weblogger.pojos,WeblogPermission,92,10,24,4,28,4,1.0
org.apache.roller.weblogger.pojos,WeblogTemplate,140,31,38,14,18,3,0.2258064516129032
org.apache.roller.weblogger.pojos,WeblogTheme,13,2,2,2,9,1,0.0
org.apache.roller.weblogger.pojos,WeblogEntryTest,127,17,17,4,0,7,0.1764705882352941
org.apache.roller.weblogger.pojos.wrapper,ThemeTemplateWrapper,36,9,10,1,2,1,0.2222222222222222
org.apache.roller.weblogger.pojos.wrapper,UserWrapper,42,9,11,1,7,3,0.2222222222222222
org.apache.roller.weblogger.pojos.wrapper,WeblogBookmarkFolderWrapper,24,5,6,1,2,1,0.4
org.apache.roller.weblogger.pojos.wrapper,WeblogBookmarkWrapper,39,10,11,1,0,2,0.2
org.apache.roller.weblogger.pojos.wrapper,WeblogCategoryWrapper,38,9,10,2,5,4,0.2222222222222222
org.apache.roller.weblogger.pojos.wrapper,WeblogEntryAttributeWrapper,21,4,5,1,0,1,0.5
org.apache.roller.weblogger.pojos.wrapper,WeblogEntryCommentWrapper,90,18,20,2,4,6,0.1111111111111111
org.apache.roller.weblogger.pojos.wrapper,WeblogEntryTagWrapper,24,5,6,1,0,2,0.4
org.apache.roller.weblogger.pojos.wrapper,WeblogEntryWrapper,155,46,47,2,15,7,0.0434782608695652
org.apache.roller.weblogger.pojos.wrapper,WeblogWrapper,188,53,57,2,9,9,0.0377358490566037
org.apache.roller.weblogger.ui.core,CmaRollerContext,14,2,2,0,0,0,-1.0
org.apache.roller.weblogger.ui.core,RollerContext,231,11,32,3,11,9,0.3636363636363636
org.apache.roller.weblogger.ui.core,RollerLoginSessionManager,51,7,11,4,6,6,0.2857142857142857
org.apache.roller.weblogger.ui.core,SingletonHolder,3,0,0,1,1,1,-1.0
org.apache.roller.weblogger.ui.core,SessionCacheHandler,7,1,2,0,0,1,-1.0
org.apache.roller.weblogger.ui.core,RollerSession,116,7,20,4,12,8,0.0
org.apache.roller.weblogger.ui.core,RollerLoginSessionManagerTest,50,7,7,2,0,4,0.0
org.apache.roller.weblogger.ui.core,RollerSessionTest,93,8,8,8,0,6,0.0
org.apache.roller.weblogger.ui.core.filters,BootstrapFilter,29,4,5,2,0,2,0.5
org.apache.roller.weblogger.ui.core.filters,CharEncodingFilter,37,3,6,1,0,0,1.0
org.apache.roller.weblogger.ui.core.filters,CustomOpenIDAuthenticationProcessingFilter,42,2,6,1,0,0,1.0
org.apache.roller.weblogger.ui.core.filters,DebugFilter,26,3,3,1,0,0,1.0
org.apache.roller.weblogger.ui.core.filters,InitFilter,64,6,14,2,2,2,0.5
org.apache.roller.weblogger.ui.core.filters,IPBanFilter,24,3,4,1,0,1,0.6666666666666666
org.apache.roller.weblogger.ui.core.filters,LoadSaltFilter,21,3,4,0,1,2,-1.0
org.apache.roller.weblogger.ui.core.filters,PersistenceSessionFilter,29,3,4,1,0,1,1.0
org.apache.roller.weblogger.ui.core.filters,RoleAssignmentFilter,16,3,3,1,0,0,1.0
org.apache.roller.weblogger.ui.core.filters,RoleAssignmentRequestWrapper,19,2,3,1,0,3,1.0
org.apache.roller.weblogger.ui.core.filters,SpringFirewallExceptionFilter,22,3,3,1,0,0,1.0
org.apache.roller.weblogger.ui.core.filters,ValidateSaltFilter,50,4,10,2,1,3,0.5
org.apache.roller.weblogger.ui.core.filters,InitFilterTest,42,5,5,1,0,1,0.4
org.apache.roller.weblogger.ui.core.filters,LoadSaltFilterTest,42,5,5,7,0,3,0.4
org.apache.roller.weblogger.ui.core.filters,TestUser,9,4,4,1,0,0,0.0
org.apache.roller.weblogger.ui.core.filters,ValidateSaltFilterTest,104,9,9,7,0,4,0.2222222222222222
org.apache.roller.weblogger.ui.core.filters,TestUser,9,4,4,1,0,0,0.0
org.apache.roller.weblogger.ui.core.plugins,Summernote,16,4,4,0,0,0,-1.0
org.apache.roller.weblogger.ui.core.plugins,TextEditor,16,4,4,0,0,0,-1.0
org.apache.roller.weblogger.ui.core.plugins,UIPluginManager,16,2,2,0,3,0,-1.0
org.apache.roller.weblogger.ui.core.plugins,UIPluginManagerImpl,56,5,9,4,2,4,0.4
org.apache.roller.weblogger.ui.core.plugins,WeblogEntryEditor,20,3,3,0,1,0,-1.0
org.apache.roller.weblogger.ui.core.security,AuthoritiesPopulator,47,2,7,1,0,4,0.0
org.apache.roller.weblogger.ui.core.security,AutoProvision,3,1,1,0,2,0,-1.0
org.apache.roller.weblogger.ui.core.security,BasicUserAutoProvision,34,2,6,1,0,5,0.0
org.apache.roller.weblogger.ui.core.security,CustomUserRegistry,125,3,17,13,3,4,0.6666666666666666
org.apache.roller.weblogger.ui.core.security,RollerRememberMeAuthenticationProvider,11,1,2,1,0,1,0.0
org.apache.roller.weblogger.ui.core.security,RollerRememberMeServices,30,2,4,1,0,1,0.0
org.apache.roller.weblogger.ui.core.security,RollerUserDetails,11,5,5,0,1,0,-1.0
org.apache.roller.weblogger.ui.core.security,RollerUserDetailsService,77,2,8,1,0,4,0.0
org.apache.roller.weblogger.ui.core.tags.calendar,BigWeblogCalendarModel,112,4,13,3,0,6,0.0
org.apache.roller.weblogger.ui.core.tags.calendar,CalendarModel,28,10,10,0,2,0,-1.0
org.apache.roller.weblogger.ui.core.tags.calendar,CalendarTag,227,18,34,6,1,2,0.1666666666666666
org.apache.roller.weblogger.ui.core.tags.calendar,WeblogCalendarModel,214,17,32,11,1,8,0.0
org.apache.roller.weblogger.ui.core.util.menu,Menu,15,3,3,1,1,1,0.0
org.apache.roller.weblogger.ui.core.util.menu,MenuHelper,255,8,44,3,3,17,0.375
org.apache.roller.weblogger.ui.core.util.menu,MenuTab,36,9,9,4,2,1,0.4444444444444444
org.apache.roller.weblogger.ui.core.util.menu,MenuTabItem,26,6,6,3,2,0,0.5
org.apache.roller.weblogger.ui.core.util.menu,ParsedMenu,15,3,3,1,1,1,0.0
org.apache.roller.weblogger.ui.core.util.menu,ParsedTab,50,13,13,6,2,1,0.4615384615384615
org.apache.roller.weblogger.ui.core.util.menu,ParsedTabItem,54,14,14,7,2,0,0.5
org.apache.roller.weblogger.ui.rendering.filters,DeviceResolverRequestFilter,28,3,3,1,0,3,0.6666666666666666
org.apache.roller.weblogger.ui.rendering.filters,RequestMappingFilter,49,3,6,2,0,1,0.6666666666666666
org.apache.roller.weblogger.ui.rendering.mobile,MobileDeviceRepository,44,3,10,4,10,1,0.0
org.apache.roller.weblogger.ui.rendering.model,CalendarModel,65,5,10,3,0,5,0.4
org.apache.roller.weblogger.ui.rendering.model,ConfigModel,94,25,25,0,0,2,-1.0
org.apache.roller.weblogger.ui.rendering.model,FeedModel,153,19,31,7,0,7,0.2631578947368421
org.apache.roller.weblogger.ui.rendering.model,FeedEntriesPager,24,3,6,1,0,2,0.0
org.apache.roller.weblogger.ui.rendering.model,FeedCommentsPager,24,3,6,1,0,2,0.0
org.apache.roller.weblogger.ui.rendering.model,FeedFilesPager,24,3,6,1,0,2,0.0
org.apache.roller.weblogger.ui.rendering.model,MenuModel,53,4,8,2,0,5,0.5
org.apache.roller.weblogger.ui.rendering.model,MessageModel,34,4,5,1,0,2,0.5
org.apache.roller.weblogger.ui.rendering.model,Model,13,2,2,0,1,0,-1.0
org.apache.roller.weblogger.ui.rendering.model,ModelLoader,45,1,6,1,5,3,0.0
org.apache.roller.weblogger.ui.rendering.model,PageModel,184,18,32,7,0,10,0.2222222222222222
org.apache.roller.weblogger.ui.rendering.model,PlanetModel,135,12,18,8,0,10,0.25
org.apache.roller.weblogger.ui.rendering.model,PreviewPageModel,51,4,10,2,0,5,0.0
org.apache.roller.weblogger.ui.rendering.model,PreviewURLModel,29,2,5,2,0,4,0.0
org.apache.roller.weblogger.ui.rendering.model,SearchResultsFeedModel,97,14,19,10,2,12,0.1428571428571428
org.apache.roller.weblogger.ui.rendering.model,SearchResultsModel,103,15,22,10,1,9,0.1333333333333333
org.apache.roller.weblogger.ui.rendering.model,SiteModel,388,26,43,8,0,15,0.0769230769230769
org.apache.roller.weblogger.ui.rendering.model,URLModel,268,62,71,4,0,8,0.1129032258064516
org.apache.roller.weblogger.ui.rendering.model,FeedURLS,11,3,3,0,0,0,-1.0
org.apache.roller.weblogger.ui.rendering.model,EntryFeedURLS,23,7,7,0,0,0,-1.0
org.apache.roller.weblogger.ui.rendering.model,CommentFeedURLS,14,4,4,0,0,0,-1.0
org.apache.roller.weblogger.ui.rendering.model,MediaFileFeedURLS,14,4,4,0,0,0,-1.0
org.apache.roller.weblogger.ui.rendering.model,UtilitiesModel,238,42,51,3,0,10,0.8095238095238095
org.apache.roller.weblogger.ui.rendering.model,SearchResultsFeedModelTest,59,4,5,3,0,8,0.0
org.apache.roller.weblogger.ui.rendering.model,SearchResultsModelTest,74,4,7,3,0,9,0.0
org.apache.roller.weblogger.ui.rendering,Renderer,9,1,1,0,11,0,-1.0
org.apache.roller.weblogger.ui.rendering,RendererFactory,9,1,1,0,0,2,-1.0
org.apache.roller.weblogger.ui.rendering,RendererManager,41,2,4,2,7,3,1.0
org.apache.roller.weblogger.ui.rendering,RenderingException,14,3,3,0,0,0,-1.0
org.apache.roller.weblogger.ui.rendering,RequestMapper,9,1,1,0,0,0,-1.0
org.apache.roller.weblogger.ui.rendering,WeblogRequestMapper,284,5,59,10,0,3,0.0
org.apache.roller.weblogger.ui.rendering.pagers,AbstractPager,65,13,18,3,0,2,0.1538461538461538
org.apache.roller.weblogger.ui.rendering.pagers,AbstractWeblogEntriesPager,140,15,28,12,0,5,0.3333333333333333
org.apache.roller.weblogger.ui.rendering.pagers,CommentsPager,82,4,12,7,0,7,0.0
org.apache.roller.weblogger.ui.rendering.pagers,MediaFilesPager,52,4,9,4,0,3,0.5
org.apache.roller.weblogger.ui.rendering.pagers,Pager,33,7,7,0,0,0,-1.0
org.apache.roller.weblogger.ui.rendering.pagers,PlanetEntriesPager,67,3,9,7,0,6,0.0
org.apache.roller.weblogger.ui.rendering.pagers,SearchResultsFeedPager,66,7,14,6,1,5,0.0
org.apache.roller.weblogger.ui.rendering.pagers,SearchResultsPager,83,12,19,9,1,4,0.4166666666666667
org.apache.roller.weblogger.ui.rendering.pagers,UsersPager,79,6,14,5,0,5,0.0
org.apache.roller.weblogger.ui.rendering.pagers,WeblogEntriesDayPager,139,12,27,7,0,7,0.25
org.apache.roller.weblogger.ui.rendering.pagers,WeblogEntriesLatestPager,52,3,8,3,0,6,0.0
org.apache.roller.weblogger.ui.rendering.pagers,WeblogEntriesListPager,91,4,13,11,0,7,0.0
org.apache.roller.weblogger.ui.rendering.pagers,WeblogEntriesMonthPager,135,12,27,7,0,7,0.25
org.apache.roller.weblogger.ui.rendering.pagers,WeblogEntriesPager,49,11,11,0,0,0,-1.0
org.apache.roller.weblogger.ui.rendering.pagers,WeblogEntriesPermalinkPager,93,10,20,5,0,8,0.3
org.apache.roller.weblogger.ui.rendering.pagers,WeblogEntriesPreviewPager,30,2,5,1,0,7,1.0
org.apache.roller.weblogger.ui.rendering.pagers,WeblogsPager,89,6,15,6,0,5,0.0
org.apache.roller.weblogger.ui.rendering.plugins.comments,AkismetCommentValidator,55,3,4,3,0,5,0.6666666666666666
org.apache.roller.weblogger.ui.rendering.plugins.comments,BannedwordslistCommentValidator,16,2,3,1,0,4,1.0
org.apache.roller.weblogger.ui.rendering.plugins.comments,CommentAuthenticator,16,2,2,0,2,0,-1.0
org.apache.roller.weblogger.ui.rendering.plugins.comments,CommentAuthenticatorUtils,16,1,2,1,2,2,0.0
org.apache.roller.weblogger.ui.rendering.plugins.comments,CommentValidationManager,42,3,5,2,3,5,0.0
org.apache.roller.weblogger.ui.rendering.plugins.comments,CommentValidator,15,2,2,0,1,2,-1.0
org.apache.roller.weblogger.ui.rendering.plugins.comments,DefaultCommentAuthenticator,11,2,2,0,0,0,-1.0
org.apache.roller.weblogger.ui.rendering.plugins.comments,ExcessLinksCommentValidator,25,3,5,3,0,4,0.6666666666666666
org.apache.roller.weblogger.ui.rendering.plugins.comments,ExcessSizeCommentValidator,20,3,4,2,0,4,0.6666666666666666
org.apache.roller.weblogger.ui.rendering.plugins.comments,LdapCommentAuthenticator,127,5,13,1,0,3,0.4
org.apache.roller.weblogger.ui.rendering.plugins.comments,MathCommentAuthenticator,66,2,5,2,0,2,1.0
org.apache.roller.weblogger.ui.rendering.plugins.comments,TrackbackLinkbackCommentValidator,30,2,4,1,0,6,1.0
org.apache.roller.weblogger.ui.rendering.servlets,CommentAuthenticatorServlet,41,3,4,2,0,3,0.6666666666666666
org.apache.roller.weblogger.ui.rendering.servlets,CommentServlet,243,3,31,4,0,23,0.6666666666666666
org.apache.roller.weblogger.ui.rendering.servlets,FeedServlet,188,2,28,3,0,17,0.0
org.apache.roller.weblogger.ui.rendering.servlets,MediaResourceServlet,86,2,9,1,0,7,0.0
org.apache.roller.weblogger.ui.rendering.servlets,PageServlet,410,5,69,7,0,23,0.0
org.apache.roller.weblogger.ui.rendering.servlets,PlanetFeedServlet,158,3,19,2,0,13,0.0
org.apache.roller.weblogger.ui.rendering.servlets,PreviewResourceServlet,94,2,13,2,0,9,0.0
org.apache.roller.weblogger.ui.rendering.servlets,PreviewServlet,162,2,22,1,0,15,0.0
org.apache.roller.weblogger.ui.rendering.servlets,ResourceServlet,96,2,13,3,0,8,0.0
org.apache.roller.weblogger.ui.rendering.servlets,RSDServlet,78,2,7,1,0,9,0.0
org.apache.roller.weblogger.ui.rendering.servlets,SearchServlet,134,2,13,3,0,17,0.0
org.apache.roller.weblogger.ui.rendering.servlets,TrackbackServlet,137,5,21,2,0,13,0.4
org.apache.roller.weblogger.ui.rendering.util.cache,PlanetCache,120,8,24,7,2,7,0.25
org.apache.roller.weblogger.ui.rendering.util.cache,SaltCache,55,6,10,4,5,6,0.3333333333333333
org.apache.roller.weblogger.ui.rendering.util.cache,SiteWideCache,234,18,53,6,4,18,0.1666666666666666
org.apache.roller.weblogger.ui.rendering.util.cache,WeblogCacheWarmupJob,67,4,10,2,0,9,0.5
org.apache.roller.weblogger.ui.rendering.util.cache,WeblogFeedCache,103,7,21,5,3,7,0.2857142857142857
org.apache.roller.weblogger.ui.rendering.util.cache,WeblogPageCache,132,8,30,5,3,7,0.25
org.apache.roller.weblogger.ui.rendering.util,InvalidRequestException,11,2,2,0,0,0,-1.0
org.apache.roller.weblogger.ui.rendering.util,ModDateHeaderUtil,64,3,8,1,7,3,1.0
org.apache.roller.weblogger.ui.rendering.util,ParsedRequest,53,9,11,5,1,4,0.2222222222222222
org.apache.roller.weblogger.ui.rendering.util,PlanetRequest,66,8,13,7,2,0,0.0
org.apache.roller.weblogger.ui.rendering.util,WeblogCommentRequest,116,16,27,9,1,4,0.125
org.apache.roller.weblogger.ui.rendering.util,WeblogEntryCommentForm,78,20,20,8,3,2,0.15
org.apache.roller.weblogger.ui.rendering.util,WeblogFeedRequest,132,18,30,10,12,6,0.1111111111111111
org.apache.roller.weblogger.ui.rendering.util,WeblogMediaResourceRequest,54,7,11,3,1,0,0.4285714285714285
org.apache.roller.weblogger.ui.rendering.util,WeblogPageRequest,265,30,57,15,10,9,0.0666666666666666
org.apache.roller.weblogger.ui.rendering.util,WeblogPreviewRequest,90,14,21,7,2,6,0.2857142857142857
org.apache.roller.weblogger.ui.rendering.util,WeblogPreviewResourceRequest,47,8,11,3,1,3,0.5
org.apache.roller.weblogger.ui.rendering.util,WeblogRequest,123,13,29,6,14,2,0.1538461538461538
org.apache.roller.weblogger.ui.rendering.util,WeblogResourceRequest,40,5,8,2,1,1,0.6
org.apache.roller.weblogger.ui.rendering.util,WeblogSearchRequest,71,10,16,6,4,4,0.2
org.apache.roller.weblogger.ui.rendering.util,WeblogTrackbackRequest,108,14,25,8,1,3,0.1428571428571428
org.apache.roller.weblogger.ui.rendering.util,CommentValidatorTest,58,6,7,4,0,7,0.0
org.apache.roller.weblogger.ui.rendering.util.mobile,Device,20,3,3,0,3,0,-1.0
org.apache.roller.weblogger.ui.rendering.util.mobile,DeviceResolver,10,1,1,0,1,0,-1.0
org.apache.roller.weblogger.ui.rendering.util.mobile,DeviceUtils,38,3,4,1,3,2,0.0
org.apache.roller.weblogger.ui.rendering.util.mobile,LiteDevice,37,6,6,4,1,0,0.0
org.apache.roller.weblogger.ui.rendering.util.mobile,LiteDeviceResolver,114,9,26,7,0,1,0.0
org.apache.roller.weblogger.ui.rendering.util.mobile,MobileDeviceRepository,44,2,7,0,1,3,-1.0
org.apache.roller.weblogger.ui.rendering.velocity,RollerResourceLoader,68,4,10,1,0,4,0.75
org.apache.roller.weblogger.ui.rendering.velocity,RollerVelocity,65,5,5,3,1,1,0.0
org.apache.roller.weblogger.ui.rendering.velocity,ThemeResourceLoader,80,4,12,1,0,5,0.75
org.apache.roller.weblogger.ui.rendering.velocity,VelocityRenderer,86,3,6,6,0,4,0.0
org.apache.roller.weblogger.ui.rendering.velocity,VelocityRendererFactory,33,1,4,1,0,4,0.0
org.apache.roller.weblogger.ui.rendering.velocity,WebappResourceLoader,157,5,30,4,0,1,0.0
org.apache.roller.weblogger.ui.struts2.admin,CacheInfo,50,10,11,2,0,2,0.5
org.apache.roller.weblogger.ui.struts2.admin,CreateUserBean,125,28,28,13,2,3,0.0714285714285714
org.apache.roller.weblogger.ui.struts2.admin,GlobalCommentManagement,218,21,36,8,0,9,0.238095238095238
org.apache.roller.weblogger.ui.struts2.admin,GlobalCommentManagementBean,119,22,30,8,1,2,0.3181818181818182
org.apache.roller.weblogger.ui.struts2.admin,GlobalConfig,197,19,36,9,0,11,0.2105263157894736
org.apache.roller.weblogger.ui.struts2.admin,PingTargetBean,35,8,8,3,1,1,0.0
org.apache.roller.weblogger.ui.struts2.admin,PingTargetEdit,99,9,18,3,0,4,0.4444444444444444
org.apache.roller.weblogger.ui.struts2.admin,PingTargets,140,15,20,4,0,3,0.2666666666666666
org.apache.roller.weblogger.ui.struts2.admin,UserAdmin,33,8,8,2,0,2,0.875
org.apache.roller.weblogger.ui.struts2.admin,UserEdit,193,15,41,4,0,8,0.3333333333333333
org.apache.roller.weblogger.ui.struts2.ajax,CommentDataServlet,86,4,8,0,0,8,-1.0
org.apache.roller.weblogger.ui.struts2.ajax,ThemeDataServlet,55,2,7,0,0,3,-1.0
org.apache.roller.weblogger.ui.struts2.ajax,UserDataServlet,66,1,7,2,0,5,0.0
org.apache.roller.weblogger.ui.struts2.core,CreateWeblog,107,8,18,3,0,10,0.5
org.apache.roller.weblogger.ui.struts2.core,CreateWeblogBean,54,14,14,7,1,0,0.5
org.apache.roller.weblogger.ui.struts2.core,Install,170,15,26,10,0,4,0.4666666666666667
org.apache.roller.weblogger.ui.struts2.core,Login,37,7,9,2,0,0,0.5714285714285714
org.apache.roller.weblogger.ui.struts2.core,MainMenu,77,11,11,3,0,4,0.6363636363636364
org.apache.roller.weblogger.ui.struts2.core,OAuthAuthorize,56,8,9,4,0,1,0.625
org.apache.roller.weblogger.ui.struts2.core,OAuthKeys,63,8,12,3,0,4,0.75
org.apache.roller.weblogger.ui.struts2.core,Profile,113,8,24,3,0,4,0.375
org.apache.roller.weblogger.ui.struts2.core,ProfileBean,100,24,24,11,2,1,0.1666666666666666
org.apache.roller.weblogger.ui.struts2.core,Register,269,21,53,8,2,9,0.1904761904761904
org.apache.roller.weblogger.ui.struts2.core,Setup,86,15,15,6,0,4,0.2666666666666666
org.apache.roller.weblogger.ui.struts2.editor,BookmarkBean,62,14,14,6,1,1,0.0
org.apache.roller.weblogger.ui.struts2.editor,BookmarkEdit,88,12,17,4,0,5,0.25
org.apache.roller.weblogger.ui.struts2.editor,Bookmarks,197,20,37,7,0,5,0.1
org.apache.roller.weblogger.ui.struts2.editor,BookmarksImport,89,9,13,6,0,4,0.5555555555555556
org.apache.roller.weblogger.ui.struts2.editor,Categories,35,6,6,2,0,3,0.5
org.apache.roller.weblogger.ui.struts2.editor,CategoryBean,44,10,10,4,1,1,0.0
org.apache.roller.weblogger.ui.struts2.editor,CategoryEdit,92,10,18,3,0,6,0.4
org.apache.roller.weblogger.ui.struts2.editor,CategoryRemove,104,14,19,5,0,5,0.2857142857142857
org.apache.roller.weblogger.ui.struts2.editor,Comments,274,22,49,9,0,14,0.1818181818181818
org.apache.roller.weblogger.ui.struts2.editor,CommentsBean,132,24,33,10,1,2,0.3333333333333333
org.apache.roller.weblogger.ui.struts2.editor,Entries,143,15,25,6,0,8,0.3333333333333333
org.apache.roller.weblogger.ui.struts2.editor,EntriesBean,105,21,24,8,1,2,0.0952380952380952
org.apache.roller.weblogger.ui.struts2.editor,EntryAddWithMediaFile,95,10,15,5,0,4,0.3
org.apache.roller.weblogger.ui.struts2.editor,EntryBean,281,48,58,21,2,5,0.0
org.apache.roller.weblogger.ui.struts2.editor,EntryEdit,342,28,62,4,0,20,0.3928571428571428
org.apache.roller.weblogger.ui.struts2.editor,EntryRemove,76,9,12,3,0,6,0.4444444444444444
org.apache.roller.weblogger.ui.struts2.editor,FolderBean,26,6,6,2,1,1,0.0
org.apache.roller.weblogger.ui.struts2.editor,FolderEdit,94,12,18,5,0,5,0.25
org.apache.roller.weblogger.ui.struts2.editor,Maintenance,67,5,5,1,0,5,0.6
org.apache.roller.weblogger.ui.struts2.editor,MediaFileAdd,210,21,37,9,0,9,0.1428571428571428
org.apache.roller.weblogger.ui.struts2.editor,MediaFileBase,168,18,25,7,0,5,0.1666666666666666
org.apache.roller.weblogger.ui.struts2.editor,MediaFileBean,189,32,32,15,3,1,0.0
org.apache.roller.weblogger.ui.struts2.editor,MediaFileEdit,146,15,20,6,0,5,0.2
org.apache.roller.weblogger.ui.struts2.editor,MediaFileImageChooser,128,13,19,5,0,4,0.3076923076923077
org.apache.roller.weblogger.ui.struts2.editor,MediaFileImageDim,31,4,4,2,0,4,0.5
org.apache.roller.weblogger.ui.struts2.editor,MediaFileSearchBean,141,20,37,10,1,2,0.0
org.apache.roller.weblogger.ui.struts2.editor,MediaFileView,309,37,52,15,0,7,0.1081081081081081
org.apache.roller.weblogger.ui.struts2.editor,MemberResign,39,5,5,1,0,3,1.0
org.apache.roller.weblogger.ui.struts2.editor,Members,100,7,21,2,0,5,0.0
org.apache.roller.weblogger.ui.struts2.editor,MembersInvite,101,8,16,3,0,6,0.375
org.apache.roller.weblogger.ui.struts2.editor,Pings,172,17,30,5,0,8,0.1764705882352941
org.apache.roller.weblogger.ui.struts2.editor,StylesheetEdit,266,16,32,6,0,5,0.125
org.apache.roller.weblogger.ui.struts2.editor,TemplateEdit,122,10,20,3,0,4,0.3
org.apache.roller.weblogger.ui.struts2.editor,TemplateEditBean,162,33,39,16,1,3,0.1212121212121212
org.apache.roller.weblogger.ui.struts2.editor,Templates,199,17,37,6,0,4,0.1764705882352941
org.apache.roller.weblogger.ui.struts2.editor,ThemeEdit,166,16,28,8,0,10,0.1875
org.apache.roller.weblogger.ui.struts2.editor,WeblogConfig,118,14,22,6,0,10,0.2142857142857142
org.apache.roller.weblogger.ui.struts2.editor,WeblogConfigBean,236,52,54,26,1,1,0.0384615384615384
org.apache.roller.weblogger.ui.struts2.editor,WeblogRemove,34,3,3,1,0,2,1.0
org.apache.roller.weblogger.ui.struts2.pagers,CommentsPager,48,6,9,4,2,1,0.0
org.apache.roller.weblogger.ui.struts2.pagers,EntriesPager,48,6,9,4,1,1,0.0
org.apache.roller.weblogger.ui.struts2.pagers,MediaFilePager,37,6,6,3,1,0,0.0
org.apache.roller.weblogger.ui.struts2.util,KeyValueObject,25,6,6,2,0,0,0.3333333333333333
org.apache.roller.weblogger.ui.struts2.util,UIAction,245,55,65,10,4,11,0.4181818181818181
org.apache.roller.weblogger.ui.struts2.util,UIActionInterceptor,39,1,7,2,0,4,0.0
org.apache.roller.weblogger.ui.struts2.util,UIActionPreparable,6,1,1,0,1,0,-1.0
org.apache.roller.weblogger.ui.struts2.util,UIActionPrepareInterceptor,21,1,4,2,0,1,0.0
org.apache.roller.weblogger.ui.struts2.util,UISecurityEnforced,23,4,4,0,1,0,-1.0
org.apache.roller.weblogger.ui.struts2.util,UISecurityInterceptor,57,1,16,2,0,8,0.0
org.apache.roller.weblogger.ui.struts2.util,UIUtils,35,5,6,2,1,0,1.0
org.apache.roller.weblogger.ui.struts2.util,LocaleComparator,9,1,2,0,0,0,-1.0
org.apache.roller.weblogger.ui.struts2.util,UIActionTest,29,3,3,0,0,1,-1.0
org.apache.roller.weblogger.ui.tags,StringTagSupport,83,7,10,1,0,0,0.0
org.apache.roller.weblogger.ui.tags,TruncateNicelyTag,103,11,18,3,1,1,0.1818181818181818
org.apache.roller.weblogger.ui.tags,WordWrapTag,151,12,24,4,1,1,0.1666666666666666
org.apache.roller.weblogger.util,Bannedwordslist,322,15,47,8,4,3,0.2
org.apache.roller.weblogger.util,BannedwordslistChecker,62,5,10,0,3,6,-1.0
org.apache.roller.weblogger.util,GenericThrottle,83,3,14,6,1,4,0.0
org.apache.roller.weblogger.util,ClientInfo,4,0,0,2,1,0,-1.0
org.apache.roller.weblogger.util,HTMLSanitizer,348,16,66,17,9,2,0.1875
org.apache.roller.weblogger.util,SanitizeResult,10,0,0,5,1,0,-1.0
org.apache.roller.weblogger.util,I18nMessages,136,11,15,4,14,2,0.0
org.apache.roller.weblogger.util,I18nUtils,38,1,11,0,3,0,-1.0
org.apache.roller.weblogger.util,IPBanList,100,10,18,5,4,2,0.3
org.apache.roller.weblogger.util,ModifiedFile,13,3,3,1,1,0,0.0
org.apache.roller.weblogger.util,LinkbackExtractor,242,12,44,16,2,1,0.1666666666666666
org.apache.roller.weblogger.util,LinkbackCallback,102,4,23,3,0,0,0.0
org.apache.roller.weblogger.util,LRUCache2,102,14,20,6,2,2,0.2142857142857142
org.apache.roller.weblogger.util,Environment,3,1,1,0,1,0,-1.0
org.apache.roller.weblogger.util,DefaultEnvironment,5,1,1,0,0,0,-1.0
org.apache.roller.weblogger.util,CacheEntry,14,3,3,2,1,0,0.0
org.apache.roller.weblogger.util,LRULinkedHashMap,10,2,2,1,0,0,0.0
org.apache.roller.weblogger.util,MailUtil,421,11,60,2,7,16,0.2727272727272727
org.apache.roller.weblogger.util,MailingException,8,1,1,0,0,0,-1.0
org.apache.roller.weblogger.util,MediacastException,28,6,6,2,0,0,0.0
org.apache.roller.weblogger.util,MediacastResource,38,8,8,3,2,0,0.0
org.apache.roller.weblogger.util,MediacastUtil,50,2,5,5,1,1,1.0
org.apache.roller.weblogger.util,PasswordUtility,188,8,23,0,1,2,-1.0
org.apache.roller.weblogger.util,Reflection,37,6,10,0,14,2,-1.0
org.apache.roller.weblogger.util,RollerMessages,72,17,19,4,22,0,0.1764705882352941
org.apache.roller.weblogger.util,RollerMessage,20,5,5,2,4,0,0.0
org.apache.roller.weblogger.util,StandaloneWebappClassLoader,35,4,5,1,1,1,0.0
org.apache.roller.weblogger.util,Trackback,110,3,11,3,1,6,0.0
org.apache.roller.weblogger.util,TrackbackNotAllowedException,8,1,1,0,0,0,-1.0
org.apache.roller.weblogger.util,URLUtilities,69,6,12,0,20,1,-1.0
org.apache.roller.weblogger.util,Utilities,756,43,110,23,49,3,0.6511627906976745
org.apache.roller.weblogger.util,WSSEUtilities,48,4,4,0,2,1,-1.0
org.apache.roller.weblogger.util,BannedwordslistTest,31,7,7,2,0,1,0.2857142857142857
org.apache.roller.weblogger.util,IPBanListTest,60,9,9,3,0,1,0.0
org.apache.roller.weblogger.util,LinkbackExtractorTest,12,1,1,0,0,1,-1.0
org.apache.roller.weblogger.util,LRUCache2Test,61,4,4,1,0,2,0.0
org.apache.roller.weblogger.util,TestEnvironment,6,1,1,1,1,1,0.0
org.apache.roller.weblogger.util,UtilitiesTest,29,4,4,0,0,1,-1.0
org.apache.roller.weblogger.util.cache,Cache,29,6,6,0,11,0,-1.0
org.apache.roller.weblogger.util.cache,CachedContent,71,8,13,5,7,1,0.25
org.apache.roller.weblogger.util.cache,CacheFactory,6,1,1,0,1,0,-1.0
org.apache.roller.weblogger.util.cache,CacheHandler,21,8,8,0,1,8,-1.0
org.apache.roller.weblogger.util.cache,CacheManager,165,15,31,5,32,12,0.2
org.apache.roller.weblogger.util.cache,ExpiringCacheEntry,37,5,6,3,5,0,0.0
org.apache.roller.weblogger.util.cache,ExpiringLRUCacheFactoryImpl,35,2,3,1,0,1,1.0
org.apache.roller.weblogger.util.cache,ExpiringLRUCacheImpl,40,4,7,2,0,2,0.5
org.apache.roller.weblogger.util.cache,LazyExpiringCacheEntry,31,4,5,2,2,0,0.0
org.apache.roller.weblogger.util.cache,LRUCacheFactoryImpl,28,2,3,1,0,1,1.0
org.apache.roller.weblogger.util.cache,LRUCacheImpl,77,10,12,8,0,1,0.0
org.apache.roller.weblogger.util.cache,LRULinkedHashMap,10,2,2,1,0,0,0.0
org.apache.roller.weblogger,WebloggerException,30,4,4,0,0,0,-1.0
org.apache.roller.weblogger,TestUtils,481,38,58,2,41,29,0.7631578947368421
org.apache.roller.weblogger.webservices.atomprotocol,EntryCollection,334,9,48,5,1,14,0.0
org.apache.roller.weblogger.webservices.atomprotocol,MediaCollection,429,11,51,5,1,12,0.1818181818181818
org.apache.roller.weblogger.webservices.atomprotocol,RollerAtomHandler,353,25,58,6,3,14,0.32
org.apache.roller.weblogger.webservices.atomprotocol,RollerAtomHandlerFactory,11,1,1,0,0,0,-1.0
org.apache.roller.weblogger.webservices.atomprotocol,RollerAtomService,93,3,11,0,2,8,-1.0
org.apache.roller.weblogger.webservices.oauth,AccessTokenServlet,43,4,6,1,0,2,0.0
org.apache.roller.weblogger.webservices.oauth,AuthorizationServlet,90,5,14,1,0,2,0.0
org.apache.roller.weblogger.webservices.oauth,RequestTokenServlet,48,4,6,1,0,2,0.0
org.apache.roller.weblogger.webservices.opensearch,OpenSearchServlet,65,1,6,0,0,5,-1.0
org.apache.roller.weblogger.webservices.tagdata,TagDataServlet,127,2,19,1,0,9,0.0
org.apache.roller.weblogger.webservices.xmlrpc,BaseAPIHandler,113,4,15,22,0,8,0.75
org.apache.roller.weblogger.webservices.xmlrpc,BloggerAPIHandler,352,9,29,2,0,11,0.2222222222222222
org.apache.roller.weblogger.webservices.xmlrpc,MetaWeblogAPIHandler,347,11,37,2,0,16,0.3636363636363636
org.apache.roller.testing,DerbyJunitExtension,15,2,2,2,0,0,0.0
org.apache.roller.testing,DerbyStartStopper,76,3,5,3,0,1,0.0
org.apache.roller.weblogger.ui,ApplicationResourcesTest,43,4,7,1,0,0,0.5
org.apache.roller.weblogger.ui,UIPluginManagerTest,14,1,1,1,0,2,0.0
org.apache.roller.testutils,DerbyLifeCycle,47,3,3,1,0,0,0.0
org.apache.roller.examples.plugins.pagemodel,AuthenticatedUserModel,23,3,4,2,0,2,0.6666666666666666
org.apache.roller.scripting,BSFRenderer,46,3,5,2,0,0,0.0
org.apache.roller.scripting,BSFRendererFactory,29,1,3,2,0,0,0.0
org.apache.roller.scripting,GroovletRenderer,32,3,3,2,0,1,0.0
org.apache.roller.scripting,GroovletRendererFactory,21,1,3,1,0,2,0.0
org.apache.roller.scripting,GroovyRollerBinding,57,4,13,4,0,0,0.0
org.apache.roller.scripting,GroovyRunner,36,2,4,0,1,1,-1.0
org.apache.roller.scripting,GSPRenderer,45,3,4,4,0,1,0.0
org.apache.roller.scripting,GSPRendererFactory,22,1,3,2,0,2,0.0
org.apache.roller.selenium,AbstractRollerPage,50,9,10,1,0,0,0.0
org.apache.roller.selenium,InitialLoginTestIT,82,6,9,4,0,10,0.3333333333333333
org.apache.roller.selenium.core,CreateWeblogPage,36,8,8,0,1,0,-1.0
org.apache.roller.selenium.core,LoginPage,25,5,5,0,1,0,-1.0
org.apache.roller.selenium.core,MainMenuPage,20,3,3,1,1,0,0.0
org.apache.roller.selenium.core,RegisterPage,44,9,9,0,1,0,-1.0
org.apache.roller.selenium.core,SetupPage,18,3,3,0,1,0,-1.0
org.apache.roller.selenium.core,WelcomePage,13,2,2,0,1,0,-1.0
org.apache.roller.selenium.editor,AbstractEntryPage,18,4,4,0,0,0,-1.0
org.apache.roller.selenium.editor,EntryAddPage,9,1,1,0,1,0,-1.0
org.apache.roller.selenium.editor,EntryEditPage,13,2,2,0,1,0,-1.0
org.apache.roller.selenium.view,BlogHomePage,13,2,2,0,1,0,-1.0
org.apache.roller.selenium.view,SingleBlogEntryPage,16,3,3,0,1,0,-1.0
